{
    "16": {
        "CAPITALIZED": 0.21658395137456088,
        "HASHTAGS": 0.009468577482852842,
        "LINKS": 0.21406042496679947,
        "MENTIONS": 0.14516254948976748,
        "RETWEETS": 0.10997675962815405,
        "TWEETLENGTH": 9.074784196547144,
        "WORDLENGTH": 3.978653878324876
    },
    "18": {
        "CAPITALIZED": 0.22520786574565513,
        "HASHTAGS": 0.004087274040362221,
        "LINKS": 0.22656337460537807,
        "MENTIONS": 0.14257208762268825,
        "RETWEETS": 0.2189284194971229,
        "TWEETLENGTH": 8.659628775496495,
        "WORDLENGTH": 3.9550057433515646
    },
    "20": {
        "CAPITALIZED": 0.23869097899857272,
        "HASHTAGS": 0.022880195741458158,
        "LINKS": 0.1587247560698888,
        "MENTIONS": 0.09165185983513442,
        "RETWEETS": 0.07783072384842296,
        "TWEETLENGTH": 9.15339233038348,
        "WORDLENGTH": 3.959060324488072
    },
    "25": {
        "CAPITALIZED": 0.19521906917758716,
        "HASHTAGS": 0.0162409829135587,
        "LINKS": 0.2291497975708502,
        "MENTIONS": 0.08873222151009777,
        "RETWEETS": 0.22045883940620783,
        "TWEETLENGTH": 9.19476383265857,
        "WORDLENGTH": 4.261055732071509
    },
    "30": {
        "CAPITALIZED": 0.22079454620021513,
        "HASHTAGS": 0.01931038218384134,
        "LINKS": 0.3831866705135603,
        "MENTIONS": 0.10190666326191085,
        "RETWEETS": 0.16687103289094057,
        "TWEETLENGTH": 11.145015868436237,
        "WORDLENGTH": 4.070830528278819
    },
    "35": {
        "CAPITALIZED": 0.22701680788231723,
        "HASHTAGS": 0.04102613639499903,
        "LINKS": 0.418318449139621,
        "MENTIONS": 0.06022134518256838,
        "RETWEETS": 0.3238945763450229,
        "TWEETLENGTH": 9.343933783489437,
        "WORDLENGTH": 4.117737973670411
    },
    "40": {
        "CAPITALIZED": 0.23646410119778513,
        "HASHTAGS": 0.04566411046498158,
        "LINKS": 0.41753083724484225,
        "MENTIONS": 0.07388272362903413,
        "RETWEETS": 0.20243423207073463,
        "TWEETLENGTH": 11.238292762798821,
        "WORDLENGTH": 4.114496212033455
    },
    "45": {
        "CAPITALIZED": 0.2260161636652028,
        "HASHTAGS": 0.05263981354597149,
        "LINKS": 0.3359871297747711,
        "MENTIONS": 0.06259373954702893,
        "RETWEETS": 0.38594175398069464,
        "TWEETLENGTH": 9.104075571322499,
        "WORDLENGTH": 4.474896684182699
    },
    "50": {
        "CAPITALIZED": 0.2009170338820357,
        "HASHTAGS": 0.04025305491934656,
        "LINKS": 0.4338009998387357,
        "MENTIONS": 0.07738533728006143,
        "RETWEETS": 0.3055555555555556,
        "TWEETLENGTH": 10.783099500080633,
        "WORDLENGTH": 4.606595143381417
    }
}