{
"MENTIONS": -1.150186083611065,
"CAPITALIZED": -0.06579758621660581,
"HASHTAGS": 0.6782970223825797,
"RETWEETS": 3.2719958810875194,
"LINKS": 3.8280287578292036
}