{
    "16": {
        "max": 10.554832390198289,
        "min": -19.06257749573158,
        "total_value": 3082.51837446248,
        "tweets": 12048,
        "value": 0.25585311873028554
    },
    "18": {
        "max": 12.599346886855255,
        "min": -20.61785897252242,
        "total_value": 30318.101152686944,
        "tweets": 44663,
        "value": 0.6788191826049962
    },
    "20": {
        "max": 21.468297952708795,
        "min": -20.61785897252242,
        "total_value": 10015.726502515476,
        "tweets": 8814,
        "value": 1.1363429206393778
    },
    "25": {
        "max": 14.440133149257683,
        "min": -10.106381789671323,
        "total_value": 22370.96114808701,
        "tweets": 18525,
        "value": 1.2076092387631316
    },
    "30": {
        "max": 12.24766804807821,
        "min": -13.353288561801094,
        "total_value": 35344.81595073386,
        "tweets": 27728,
        "value": 1.2746976323836503
    },
    "35": {
        "max": 11.951025728537548,
        "min": -17.38375640290444,
        "total_value": 24267.32108507557,
        "tweets": 9182,
        "value": 2.642923228607664
    },
    "40": {
        "max": 11.98030907600618,
        "min": -10.106381789671323,
        "total_value": 33323.89321692514,
        "tweets": 18322,
        "value": 1.818791246420977
    },
    "45": {
        "max": 14.440133149257683,
        "min": -5.291416389496066,
        "total_value": 57320.60260222761,
        "tweets": 24242,
        "value": 2.3645162363760255
    },
    "50": {
        "max": 21.468297952708795,
        "min": -10.49864409483585,
        "total_value": 62341.616097129714,
        "tweets": 24804,
        "value": 2.513369460455157
    }
}